{
	"carName": "ferrari_488_gt3_evo",
	"basicSetup":
	{
		"tyres":
		{
			"tyreCompound": 0,
			"tyrePressure": [ 57, 65, 56, 62 ]
		},
		"alignment":
		{
			"camber": [ 3, 3, 0, 0 ],
			"toe": [ 35, 35, 45, 45 ],
			"staticCamber": [ -2.7724761962890625, -2.768925666809082, -2.2118704319000244, -2.2072315216064453 ],
			"toeOutLinear": [ 0.00082410877803340554, 0.0008240191382355988, -0.00056063150987029076, -0.00056090595899149776 ],
			"casterLF": 46,
			"casterRF": 46,
			"steerRatio": 4
		},
		"electronics":
		{
			"tC1": 2,
			"tC2": 2,
			"abs": 3,
			"eCUMap": 2,
			"fuelMix": 0,
			"telemetryLaps": 0
		},
		"strategy":
		{
			"fuel": 6,
			"nPitStops": 0,
			"tyreSet": 0,
			"frontBrakePadCompound": 0,
			"rearBrakePadCompound": 0,
			"pitStrategy": [
				{
					"fuelToAdd": 0,
					"tyres":
					{
						"tyreCompound": 0,
						"tyrePressure": [ 45, 50, 40, 46 ]
					},
					"tyreSet": 2,
					"frontBrakePadCompound": 1,
					"rearBrakePadCompound": 1
				}
			],
			"fuelPerLap": 3.0999999046325684
		}
	},
	"advancedSetup":
	{
		"mechanicalBalance":
		{
			"aRBFront": 30,
			"aRBRear": 0,
			"wheelRate": [ 9, 9, 0, 0 ],
			"bumpStopRateUp": [ 10, 10, 2, 2 ],
			"bumpStopRateDn": [ 0, 0, 10, 10 ],
			"bumpStopWindow": [ 2, 2, 50, 50 ],
			"brakeTorque": 20,
			"brakeBias": 65
		},
		"dampers":
		{
			"bumpSlow": [ 9, 9, 5, 5 ],
			"bumpFast": [ 3, 3, 4, 4 ],
			"reboundSlow": [ 5, 5, 5, 5 ],
			"reboundFast": [ 6, 6, 6, 6 ]
		},
		"aeroBalance":
		{
			"rideHeight": [ 1, 6, 0, 18 ],
			"rodLength": [ -36.423488616943359, -36.423488616943359, -23.619140625, -23.619140625 ],
			"splitter": 0,
			"rearWing": 2,
			"brakeDuct": [ 2, 1 ]
		},
		"drivetrain":
		{
			"preload": 23
		}
	},
	"trackBopType": 25
}