{
	"carName": "lamborghini_huracan_gt3_evo",
	"basicSetup":
	{
		"tyres":
		{
			"tyreCompound": 0,
			"tyrePressure": [ 64, 60, 63, 60 ]
		},
		"alignment":
		{
			"camber": [ 10, 10, 18, 18 ],
			"toe": [ 25, 25, 45, 45 ],
			"staticCamber": [ -3.8860337734222412, -3.8878326416015625, -1.9979093074798584, -2.0006170272827148 ],
			"toeOutLinear": [ 0.00089704967103898525, 0.00089701649267226458, 0.00013657967792823911, 0.0001365516654914245 ],
			"casterLF": 15,
			"casterRF": 15,
			"steerRatio": 2
		},
		"electronics":
		{
			"tC1": 3,
			"tC2": 0,
			"abs": 4,
			"eCUMap": 0,
			"fuelMix": 0,
			"telemetryLaps": 0
		},
		"strategy":
		{
			"fuel": 25,
			"nPitStops": 0,
			"tyreSet": 4,
			"frontBrakePadCompound": 0,
			"rearBrakePadCompound": 0,
			"pitStrategy": [
				{
					"fuelToAdd": 0,
					"tyres":
					{
						"tyreCompound": 0,
						"tyrePressure": [ 54, 50, 53, 50 ]
					},
					"tyreSet": 2,
					"frontBrakePadCompound": 1,
					"rearBrakePadCompound": 1
				}
			],
			"fuelPerLap": 2.250035285949707
		}
	},
	"advancedSetup":
	{
		"mechanicalBalance":
		{
			"aRBFront": 4,
			"aRBRear": 3,
			"wheelRate": [ 3, 3, 3, 3 ],
			"bumpStopRateUp": [ 4, 4, 7, 7 ],
			"bumpStopRateDn": [ 0, 0, 10, 10 ],
			"bumpStopWindow": [ 8, 8, 55, 55 ],
			"brakeTorque": 20,
			"brakeBias": 55
		},
		"dampers":
		{
			"bumpSlow": [ 25, 25, 20, 20 ],
			"bumpFast": [ 18, 18, 15, 15 ],
			"reboundSlow": [ 20, 20, 20, 20 ],
			"reboundFast": [ 30, 30, 26, 26 ]
		},
		"aeroBalance":
		{
			"rideHeight": [ 2, 6, 2, 18 ],
			"rodLength": [ -11.264972686767578, -11.264972686767578, -4.2876229286193848, -4.2876229286193848 ],
			"splitter": 0,
			"rearWing": 7,
			"brakeDuct": [ 4, 4 ]
		},
		"drivetrain":
		{
			"preload": 10
		}
	},
	"trackBopType": 15
}