{
	"carName": "lamborghini_huracan_gt3_evo",
	"basicSetup":
	{
		"tyres":
		{
			"tyreCompound": 0,
			"tyrePressure": [ 58, 68, 51, 61 ]
		},
		"alignment":
		{
			"camber": [ 4, 4, 0, 0 ],
			"toe": [ 20, 20, 65, 65 ],
			"staticCamber": [ -3.5337517261505127, -3.5292534828186035, -2.3067705631256104, -2.2986938953399658 ],
			"toeOutLinear": [ 0.00084541348041966558, 0.00084542145486921072, 0.00057280564215034246, 0.00057292194105684757 ],
			"casterLF": 15,
			"casterRF": 15,
			"steerRatio": 2
		},
		"electronics":
		{
			"tC1": 3,
			"tC2": 0,
			"abs": 3,
			"eCUMap": 0,
			"fuelMix": 0,
			"telemetryLaps": 0
		},
		"strategy":
		{
			"fuel": 33,
			"nPitStops": 0,
			"tyreSet": 5,
			"frontBrakePadCompound": 0,
			"rearBrakePadCompound": 0,
			"pitStrategy": [
				{
					"fuelToAdd": 0,
					"tyres":
					{
						"tyreCompound": 0,
						"tyrePressure": [ 55, 55, 44, 44 ]
					},
					"tyreSet": 2,
					"frontBrakePadCompound": 0,
					"rearBrakePadCompound": 0
				}
			],
			"fuelPerLap": 3.4607632160186768
		}
	},
	"advancedSetup":
	{
		"mechanicalBalance":
		{
			"aRBFront": 5,
			"aRBRear": 2,
			"wheelRate": [ 2, 2, 1, 1 ],
			"bumpStopRateUp": [ 10, 10, 7, 7 ],
			"bumpStopRateDn": [ 0, 0, 10, 10 ],
			"bumpStopWindow": [ 0, 0, 55, 55 ],
			"brakeTorque": 20,
			"brakeBias": 60
		},
		"dampers":
		{
			"bumpSlow": [ 20, 20, 15, 15 ],
			"bumpFast": [ 16, 16, 15, 15 ],
			"reboundSlow": [ 20, 20, 20, 20 ],
			"reboundFast": [ 16, 16, 20, 20 ]
		},
		"aeroBalance":
		{
			"rideHeight": [ 6, 6, 2, 18 ],
			"rodLength": [ -5.5603775978088379, -5.5603775978088379, -0.45983847975730896, -0.45983847975730896 ],
			"splitter": 0,
			"rearWing": 1,
			"brakeDuct": [ 3, 2 ]
		},
		"drivetrain":
		{
			"preload": 15
		}
	},
	"trackBopType": 25
}