{
	"carName": "lamborghini_huracan_gt3_evo",
	"basicSetup":
	{
		"tyres":
		{
			"tyreCompound": 0,
			"tyrePressure": [ 64, 71, 58, 65 ]
		},
		"alignment":
		{
			"camber": [ 7, 7, 0, 0 ],
			"toe": [ 36, 37, 55, 55 ],
			"staticCamber": [ -3.1816627979278564, -3.1774897575378418, -2.817887544631958, -2.8116466999053955 ],
			"toeOutLinear": [ 0.00071826210478320718, 0.00070379982935264707, 0.00033297479967586696, 0.00033302590600214899 ],
			"casterLF": 15,
			"casterRF": 15,
			"steerRatio": 2
		},
		"electronics":
		{
			"tC1": 5,
			"tC2": 0,
			"abs": 4,
			"eCUMap": 0,
			"fuelMix": 0,
			"telemetryLaps": 0
		},
		"strategy":
		{
			"fuel": 7,
			"nPitStops": 0,
			"tyreSet": 8,
			"frontBrakePadCompound": 0,
			"rearBrakePadCompound": 0,
			"pitStrategy": [
				{
					"fuelToAdd": 0,
					"tyres":
					{
						"tyreCompound": 0,
						"tyrePressure": [ 53, 62, 44, 52 ]
					},
					"tyreSet": 2,
					"frontBrakePadCompound": 1,
					"rearBrakePadCompound": 1
				}
			],
			"fuelPerLap": 2.6500000953674316
		}
	},
	"advancedSetup":
	{
		"mechanicalBalance":
		{
			"aRBFront": 4,
			"aRBRear": 1,
			"wheelRate": [ 3, 3, 5, 5 ],
			"bumpStopRateUp": [ 9, 5, 1, 1 ],
			"bumpStopRateDn": [ 0, 0, 10, 10 ],
			"bumpStopWindow": [ 0, 1, 30, 22 ],
			"brakeTorque": 20,
			"brakeBias": 50
		},
		"dampers":
		{
			"bumpSlow": [ 15, 15, 14, 14 ],
			"bumpFast": [ 10, 10, 15, 15 ],
			"reboundSlow": [ 25, 25, 20, 20 ],
			"reboundFast": [ 17, 17, 25, 25 ]
		},
		"aeroBalance":
		{
			"rideHeight": [ 3, 6, 10, 18 ],
			"rodLength": [ -10.64654541015625, -10.64654541015625, 1.5138494968414307, 1.5138494968414307 ],
			"splitter": 0,
			"rearWing": 11,
			"brakeDuct": [ 3, 3 ]
		},
		"drivetrain":
		{
			"preload": 10
		}
	},
	"trackBopType": 28
}